<resources>
    <string name="app_name">Meeraas</string>
    <string name="wealth">Wealth</string>
    <string name="husband">Husband</string>
    <string name="wife">Wife</string>
    <string name="father">Father</string>
    <string name="pgf">Paternal Grand Father</string>
    <string name="pggf">Paternal Grand Grand Father</string>
    <string name="pgm">Paternal Grand Mother</string>
    <string name="pggm">Paternal Grand Grand Mother</string>
    <string name="mother">Mother</string>
    <string name="mgm">Maternal Grand Mother</string>
    <string name="mggm">Maternal Grand Grand Mother</string>
    <string name="son">Son</string>
    <string name="gs">Grand Son</string>
    <string name="ggs">Grand Grand Son</string>
    <string name="daughter">Daughter</string>
    <string name="gd">Grand Daughter</string>
    <string name="ggd">Grand Grand Daughter</string>
    <string name="fb">Full Brother</string>
    <string name="phb">Paternal Half Brother</string>
    <string name="mhb">Maternal Half Brother</string>
    <string name="fs">Full Sister</string>
    <string name="phs">Paternal Half Sister</string>
    <string name="mhs">Maternal Half Sister</string>
    <string name="fn">Full Nephew</string>
    <string name="fns">Full Nephew\'s Son</string>
    <string name="pn">Paternal Nephew</string>
    <string name="pns">Paternal Nephew\'s Son</string>
    <string name="fpu">Full Paternal Uncle</string>
    <string name="ppu">Paternal Paternal Uncle</string>
    <string name="fc">Full Cousin</string>
    <string name="fcs">Full Cousin\'s Son</string>
    <string name="fcgs">Full Cousin\s Grandson</string>
    <string name="pc">Paternal Cousin</string>
    <string name="pcs">Paternal Cousin\s Son</string>
    <string name="pcgs">Paternal Cousin\'s Grandson</string>


    <string name="calculate">Calculate Inheritance</string>
    <string name="spouseTitle">Spouse</string>
    <string name="parentsTitle">Parents</string>
    <string name="siblingsTitle">Siblings</string>
    <string name="childsTitle">Childs</string>
    <string name="unclesChildsTitle">Uncles And Childs</string>
</resources>
